name:
  en: British Virgin Islands
  local:
    - lang: en
      value: British Virgin Islands
      script: Latin
      direction: ltr
iso_codes:
  alpha2: VG
  alpha3: VGB
  numeric: '092'
continent: North America
subregion: Caribbean
languages:
  - name: English
    script: Latin
    role: official
    country_name:
      en: British Virgin Islands
administrative_divisions:
  level1:
    type: Island
    label_local: Island
    label_en: Island
    count: 4
address_format:
  order_variants:
    - context: domestic
      order:
        - recipient
        - street
        - city
        - postal_code
        - country
    - context: international
      order:
        - recipient
        - street
        - city
        - postal_code
        - country
  postal_code:
    required: true
    regex: ^VG[0-9]{4}$
    description: VG followed by 4 digits
    example: VG1110
examples:
  domestic_raw: Main Street, Road Town, VG1110 Tortola
  domestic_normalized: Main Street Road Town VG1110 Tortola
  international: Main Street, Road Town, VG1110 Tortola, British Virgin Islands
status:
  un_member: false
  recognized: true
  disputed: false
geo:
  center:
    latitude: 18.4207
    longitude: -64.6399
    accuracy: 1000
    source: database
    captured_at: '2025-12-03T16:54:11.644Z'
pos:
  currency:
    code: USD
    symbol: $
    symbol_position: before
    decimal_places: 2
    decimal_separator: .
    thousands_separator: ','
  tax:
    type: VAT
    rate:
      standard: null
    included_in_price: true
    invoice_requirement: optional
  receipt:
    required_fields:
      - business_name
      - date
      - items
      - total
    paper_width: 80mm
    electronic_allowed: true
    retention_period: 5 years
  fiscal:
    fiscal_device_required: false
    registration_required: false
    reporting_frequency: varies
  payment_methods:
    - type: cash
      name: Cash
      prevalence: high
    - type: credit_card
      name: Credit Card
      prevalence: high
  locale:
    date_format: YYYY-MM-DD
    time_format: 24h
    timezone: America/Tortola
    week_start: monday
  business_hours:
    typical_open: '09:00'
    typical_close: '18:00'
    sunday_trading: true
    public_holidays_trading: false
