{
  "name": {
    "en": "Bolivia",
    "local": [
      {
        "lang": "es",
        "value": "Bolivia",
        "script": "Latin",
        "direction": "ltr"
      }
    ]
  },
  "iso_codes": {
    "alpha2": "BO",
    "alpha3": "BOL",
    "numeric": "068"
  },
  "continent": "South America",
  "subregion": "Western South America",
  "languages": [
    {
      "name": "Spanish",
      "script": "Latin",
      "direction": "ltr",
      "role": "official",
      "country_name": "Bolivia"
    },
    {
      "name": "Quechua",
      "script": "Latin",
      "direction": "ltr",
      "role": "official"
    },
    {
      "name": "Aymara",
      "script": "Latin",
      "direction": "ltr",
      "role": "official"
    },
    {
      "name": "English",
      "script": "Latin",
      "direction": "ltr",
      "role": "auxiliary",
      "required_for_shipping": true,
      "country_name": "Bolivia"
    }
  ],
  "administrative_divisions": {
    "level1": {
      "type": "Department",
      "label_local": "Departamento",
      "label_en": "Department",
      "count": 9
    },
    "level2": {
      "type": "Province",
      "label_local": "Provincia",
      "label_en": "Province"
    },
    "level3": {
      "type": "Municipality",
      "label_local": "Municipio",
      "label_en": "Municipality"
    }
  },
  "address_format": {
    "order_variants": [
      {
        "context": "domestic",
        "order": [
          "recipient",
          "street_address",
          "number",
          "zone",
          "city",
          "department",
          "country"
        ]
      },
      {
        "context": "international",
        "order": [
          "recipient",
          "street_address",
          "number",
          "zone",
          "city",
          "department",
          "country"
        ]
      }
    ],
    "zone": {
      "required": false,
      "example": "Zona Sur"
    },
    "postal_code": {
      "required": false,
      "description": "Postal codes are not commonly used in Bolivia",
      "coverage": "limited"
    }
  },
  "validation": {
    "allow_latin_transliteration": true,
    "rules": [
      "Postal codes are rarely used",
      "Zone names are important for urban areas"
    ]
  },
  "examples": {
    "domestic_raw": "Calle Comercio 123, Zona Central, La Paz",
    "domestic_normalized": "Calle Comercio 123 Zona Central La Paz",
    "international": "Calle Comercio 123, Zona Central, La Paz, Bolivia"
  },
  "status": {
    "un_member": true,
    "recognized": true,
    "disputed": false
  },
  "geo": {
    "center": {
      "latitude": -16.2902,
      "longitude": -63.5887,
      "accuracy": 1000,
      "source": "database",
      "captured_at": "2025-12-03T16:54:11.590Z"
    }
  },
  "pos": {
    "currency": {
      "code": "BOB",
      "symbol": "Bs.",
      "symbol_position": "before",
      "decimal_places": 2,
      "decimal_separator": ".",
      "thousands_separator": ","
    },
    "tax": {
      "type": "VAT",
      "rate": {
        "standard": null
      },
      "included_in_price": true,
      "invoice_requirement": "optional"
    },
    "receipt": {
      "required_fields": [
        "business_name",
        "date",
        "items",
        "total"
      ],
      "paper_width": "80mm",
      "electronic_allowed": true,
      "retention_period": "5 years"
    },
    "fiscal": {
      "fiscal_device_required": false,
      "registration_required": false,
      "reporting_frequency": "varies"
    },
    "payment_methods": [
      {
        "type": "cash",
        "name": "Cash",
        "prevalence": "high"
      },
      {
        "type": "credit_card",
        "name": "Credit Card",
        "prevalence": "high"
      }
    ],
    "locale": {
      "date_format": "YYYY-MM-DD",
      "time_format": "24h",
      "timezone": "America/La_Paz",
      "week_start": "monday"
    },
    "business_hours": {
      "typical_open": "09:00",
      "typical_close": "18:00",
      "sunday_trading": true,
      "public_holidays_trading": false
    }
  }
}
